regionName,dataDate,minT,maxT,pop
北部地區,2026-10-04,23.3,29.3,30
北部地區,2026-10-05,23.7,29.4,50
北部地區,2026-10-06,24.1,29.6,60
北部地區,2026-10-07,24.3,29.4,35
北部地區,2026-10-08,23.9,29.9,25
北部地區,2026-10-09,24.3,29.4,30
北部地區,2026-10-10,24.9,29.6,45
中部地區,2026-10-04,25.5,30.9,20
中部地區,2026-10-05,25.3,31.1,25
中部地區,2026-10-06,24.9,30.9,35
中部地區,2026-10-07,24.5,31.0,15
中部地區,2026-10-08,24.8,31.2,10
中部地區,2026-10-09,25.2,31.2,20
中部地區,2026-10-10,25.8,31.7,30
南部地區,2026-10-04,26.5,30.8,25
南部地區,2026-10-05,26.5,30.8,35
南部地區,2026-10-06,26.7,30.8,40
南部地區,2026-10-07,26.7,30.8,25
南部地區,2026-10-08,26.7,30.8,20
南部地區,2026-10-09,26.7,31.2,30
南部地區,2026-10-10,26.8,31.0,35
東北部地區,2026-10-04,23.0,28.5,50
東北部地區,2026-10-05,23.5,28.5,65
東北部地區,2026-10-06,24.0,28.5,75
東北部地區,2026-10-07,24.0,28.5,55
東北部地區,2026-10-08,23.5,30.0,35
東北部地區,2026-10-09,23.5,30.0,45
東北部地區,2026-10-10,24.0,28.0,60
東部地區,2026-10-04,24.0,29.0,40
東部地區,2026-10-05,24.0,29.0,50
東部地區,2026-10-06,24.5,29.5,60
東部地區,2026-10-07,25.0,29.5,40
東部地區,2026-10-08,25.0,29.5,30
東部地區,2026-10-09,25.5,30.5,40
東部地區,2026-10-10,25.5,29.5,50
東南部地區,2026-10-04,25.0,29.5,35
東南部地區,2026-10-05,25.0,29.5,40
東南部地區,2026-10-06,25.0,29.5,50
東南部地區,2026-10-07,25.0,29.5,35
東南部地區,2026-10-08,25.0,29.5,25
東南部地區,2026-10-09,25.0,29.5,35
東南部地區,2026-10-10,25.0,30.5,45
基隆市,2026-10-04,22.8,28.6,50
基隆市,2026-10-05,23.2,28.7,60
基隆市,2026-10-06,23.6,28.9,70
基隆市,2026-10-07,23.8,28.7,40
基隆市,2026-10-08,23.4,29.2,30
基隆市,2026-10-09,23.8,28.7,40
基隆市,2026-10-10,24.4,28.9,60
臺北市,2026-10-04,23.7,30.4,30
臺北市,2026-10-05,24.1,30.5,50
臺北市,2026-10-06,24.5,30.7,60
臺北市,2026-10-07,24.7,30.5,30
臺北市,2026-10-08,24.3,31.0,20
臺北市,2026-10-09,24.7,30.5,30
臺北市,2026-10-10,25.3,30.7,40
新北市,2026-10-04,23.5,29.8,35
新北市,2026-10-05,23.9,29.9,55
新北市,2026-10-06,24.3,30.1,65
新北市,2026-10-07,24.5,29.9,35
新北市,2026-10-08,24.1,30.4,20
新北市,2026-10-09,24.5,29.9,30
新北市,2026-10-10,25.1,30.1,45
桃園市,2026-10-04,23.4,29.5,25
桃園市,2026-10-05,23.8,29.6,45
桃園市,2026-10-06,24.2,29.8,55
桃園市,2026-10-07,24.4,29.6,25
桃園市,2026-10-08,24.0,30.1,20
桃園市,2026-10-09,24.4,29.6,25
桃園市,2026-10-10,25.0,29.8,35
新竹市,2026-10-04,23.0,29.1,20
新竹市,2026-10-05,23.4,29.2,30
新竹市,2026-10-06,23.8,29.4,40
新竹市,2026-10-07,24.0,29.2,20
新竹市,2026-10-08,23.6,29.7,15
新竹市,2026-10-09,24.0,29.2,20
新竹市,2026-10-10,24.6,29.4,30
新竹縣,2026-10-04,22.9,29.4,20
新竹縣,2026-10-05,23.3,29.5,35
新竹縣,2026-10-06,23.7,29.7,45
新竹縣,2026-10-07,23.9,29.5,20
新竹縣,2026-10-08,23.5,30.0,15
新竹縣,2026-10-09,23.9,29.5,20
新竹縣,2026-10-10,24.5,29.7,30
苗栗縣,2026-10-04,22.6,29.7,15
苗栗縣,2026-10-05,23.0,29.8,30
苗栗縣,2026-10-06,23.4,30.0,35
苗栗縣,2026-10-07,23.6,29.8,20
苗栗縣,2026-10-08,23.2,30.3,15
苗栗縣,2026-10-09,23.6,29.8,20
苗栗縣,2026-10-10,24.2,30.0,25
臺中市,2026-10-04,25.7,31.5,20
臺中市,2026-10-05,25.5,31.7,25
臺中市,2026-10-06,25.1,31.5,35
臺中市,2026-10-07,24.7,31.6,15
臺中市,2026-10-08,25.0,31.8,10
臺中市,2026-10-09,25.4,31.8,20
臺中市,2026-10-10,26.0,32.3,30
彰化縣,2026-10-04,25.6,30.8,15
彰化縣,2026-10-05,25.4,31.0,20
彰化縣,2026-10-06,25.0,30.8,30
彰化縣,2026-10-07,24.6,30.9,15
彰化縣,2026-10-08,24.9,31.1,10
彰化縣,2026-10-09,25.3,31.1,15
彰化縣,2026-10-10,25.9,31.6,25
南投縣,2026-10-04,23.9,31.7,30
南投縣,2026-10-05,23.7,31.9,40
南投縣,2026-10-06,23.3,31.7,50
南投縣,2026-10-07,22.9,31.8,30
南投縣,2026-10-08,23.2,32.0,20
南投縣,2026-10-09,23.6,32.0,35
南投縣,2026-10-10,24.2,32.5,45
雲林縣,2026-10-04,25.3,31.2,15
雲林縣,2026-10-05,25.1,31.4,20
雲林縣,2026-10-06,24.7,31.2,25
雲林縣,2026-10-07,24.3,31.3,15
雲林縣,2026-10-08,24.6,31.5,10
雲林縣,2026-10-09,25.0,31.5,15
雲林縣,2026-10-10,25.6,32.0,20
嘉義市,2026-10-04,25.7,31.6,20
嘉義市,2026-10-05,25.5,31.8,25
嘉義市,2026-10-06,25.1,31.6,30
嘉義市,2026-10-07,24.7,31.7,15
嘉義市,2026-10-08,25.0,31.9,10
嘉義市,2026-10-09,25.4,31.9,20
嘉義市,2026-10-10,26.0,32.4,25
嘉義縣,2026-10-04,25.1,31.1,20
嘉義縣,2026-10-05,24.9,31.3,25
嘉義縣,2026-10-06,24.5,31.1,30
嘉義縣,2026-10-07,24.1,31.2,15
嘉義縣,2026-10-08,24.4,31.4,10
嘉義縣,2026-10-09,24.8,31.4,20
嘉義縣,2026-10-10,25.4,31.9,25
臺南市,2026-10-04,26.3,31.2,20
臺南市,2026-10-05,26.3,31.2,30
臺南市,2026-10-06,26.5,31.2,35
臺南市,2026-10-07,26.5,31.2,20
臺南市,2026-10-08,26.5,31.2,15
臺南市,2026-10-09,26.5,31.6,25
臺南市,2026-10-10,26.6,31.4,30
高雄市,2026-10-04,26.8,31.4,25
高雄市,2026-10-05,26.8,31.4,35
高雄市,2026-10-06,27.0,31.4,40
高雄市,2026-10-07,27.0,31.4,25
高雄市,2026-10-08,27.0,31.4,20
高雄市,2026-10-09,27.0,31.8,30
高雄市,2026-10-10,27.1,31.6,35
屏東縣,2026-10-04,27.1,32.0,30
屏東縣,2026-10-05,27.1,32.0,45
屏東縣,2026-10-06,27.3,32.0,50
屏東縣,2026-10-07,27.3,32.0,30
屏東縣,2026-10-08,27.3,32.0,25
屏東縣,2026-10-09,27.3,32.4,35
屏東縣,2026-10-10,27.4,32.2,40
宜蘭縣,2026-10-04,23.0,28.5,50
宜蘭縣,2026-10-05,23.5,28.5,70
宜蘭縣,2026-10-06,24.0,28.5,80
宜蘭縣,2026-10-07,24.0,28.5,60
宜蘭縣,2026-10-08,23.5,30.0,40
宜蘭縣,2026-10-09,23.5,30.0,50
宜蘭縣,2026-10-10,24.0,28.0,60
花蓮縣,2026-10-04,24.0,29.0,40
花蓮縣,2026-10-05,24.0,29.0,50
花蓮縣,2026-10-06,24.5,29.5,60
花蓮縣,2026-10-07,25.0,29.5,40
花蓮縣,2026-10-08,25.0,29.5,30
花蓮縣,2026-10-09,25.5,30.5,40
花蓮縣,2026-10-10,25.5,29.5,50
臺東縣,2026-10-04,25.0,29.5,35
臺東縣,2026-10-05,25.0,29.5,40
臺東縣,2026-10-06,25.0,29.5,50
臺東縣,2026-10-07,25.0,29.5,35
臺東縣,2026-10-08,25.0,29.5,25
臺東縣,2026-10-09,25.0,29.5,35
臺東縣,2026-10-10,25.0,30.5,45
澎湖縣,2026-10-04,25.9,30.3,10
澎湖縣,2026-10-05,25.9,30.3,20
澎湖縣,2026-10-06,26.1,30.3,20
澎湖縣,2026-10-07,26.1,30.3,10
澎湖縣,2026-10-08,26.1,30.3,10
澎湖縣,2026-10-09,26.1,30.7,15
澎湖縣,2026-10-10,26.2,30.5,20
金門縣,2026-10-04,23.7,29.4,15
金門縣,2026-10-05,23.5,29.6,30
金門縣,2026-10-06,23.1,29.4,20
金門縣,2026-10-07,22.7,29.5,10
金門縣,2026-10-08,23.0,29.7,10
金門縣,2026-10-09,23.4,29.7,15
金門縣,2026-10-10,24.0,30.2,20
連江縣,2026-10-04,19.8,25.5,20
連江縣,2026-10-05,20.2,25.6,40
連江縣,2026-10-06,20.6,25.8,30
連江縣,2026-10-07,20.8,25.6,15
連江縣,2026-10-08,20.4,26.1,10
連江縣,2026-10-09,20.8,25.6,20
連江縣,2026-10-10,21.4,25.8,25
